{"tissue_hires_scalef": 0.29620853, "tissue_lowres_scalef": 0.08886256, "fiducial_diameter_fullres": 81.49019, "spot_diameter_fullres": 50.44630999999999}