{"process_img_scalef": 0.6287331, "tissue_hires_scalef": 0.6287331, "tissue_lowres_scalef": 0.18861993, "fiducial_diameter_fullres": 35.03891685181366, "spot_diameter_fullres": 21.69075805112274}