{"process_img_scalef": 0.6287331, "tissue_hires_scalef": 0.6287331, "tissue_lowres_scalef": 0.18861993, "fiducial_diameter_fullres": 35.04170982135302, "spot_diameter_fullres": 21.69248703226615}