{"spot_diameter_fullres": 147.0636549138645, "tissue_hires_scalef": 0.09684292, "fiducial_diameter_fullres": 237.56436563008882, "tissue_lowres_scalef": 0.029052876}