{"spot_diameter_fullres": 146.97645102294166, "tissue_hires_scalef": 0.09837678, "fiducial_diameter_fullres": 237.42349780629038, "tissue_lowres_scalef": 0.029513035}